{"packages/cupertino_icons/assets/CupertinoIcons.ttf":["packages/cupertino_icons/assets/CupertinoIcons.ttf"],"packages/widgetbook/google_fonts/Nunito-Black.ttf":["packages/widgetbook/google_fonts/Nunito-Black.ttf"],"packages/widgetbook/google_fonts/Nunito-BlackItalic.ttf":["packages/widgetbook/google_fonts/Nunito-BlackItalic.ttf"],"packages/widgetbook/google_fonts/Nunito-Bold.ttf":["packages/widgetbook/google_fonts/Nunito-Bold.ttf"],"packages/widgetbook/google_fonts/Nunito-BoldItalic.ttf":["packages/widgetbook/google_fonts/Nunito-BoldItalic.ttf"],"packages/widgetbook/google_fonts/Nunito-ExtraBold.ttf":["packages/widgetbook/google_fonts/Nunito-ExtraBold.ttf"],"packages/widgetbook/google_fonts/Nunito-ExtraBoldItalic.ttf":["packages/widgetbook/google_fonts/Nunito-ExtraBoldItalic.ttf"],"packages/widgetbook/google_fonts/Nunito-ExtraLight.ttf":["packages/widgetbook/google_fonts/Nunito-ExtraLight.ttf"],"packages/widgetbook/google_fonts/Nunito-ExtraLightItalic.ttf":["packages/widgetbook/google_fonts/Nunito-ExtraLightItalic.ttf"],"packages/widgetbook/google_fonts/Nunito-Italic.ttf":["packages/widgetbook/google_fonts/Nunito-Italic.ttf"],"packages/widgetbook/google_fonts/Nunito-Light.ttf":["packages/widgetbook/google_fonts/Nunito-Light.ttf"],"packages/widgetbook/google_fonts/Nunito-LightItalic.ttf":["packages/widgetbook/google_fonts/Nunito-LightItalic.ttf"],"packages/widgetbook/google_fonts/Nunito-Regular.ttf":["packages/widgetbook/google_fonts/Nunito-Regular.ttf"],"packages/widgetbook/google_fonts/Nunito-SemiBold.ttf":["packages/widgetbook/google_fonts/Nunito-SemiBold.ttf"],"packages/widgetbook/google_fonts/Nunito-SemiBoldItalic.ttf":["packages/widgetbook/google_fonts/Nunito-SemiBoldItalic.ttf"],"packages/widgetbook/google_fonts/OFL.txt":["packages/widgetbook/google_fonts/OFL.txt"]}